Workbook

Sheet Kost
A2: No | B2: Nama Kost | C2: Nama Pemilik Kost | D2: Alamat Kost | E2: No tlpn Pemilik Kost | F2: Jenis Kost | G2: Harga | H2: Fasiltas | I2: Jenis Listrik | J2: Jenis Air | K2: Luas Kamar | L2: Keamanan | M2: Lokasi Pendukung | N2: Batas Jam Malam | O2: Transportasi
A3: 1 | B3: Pondok Harmony 1 | C3: Olan | D3: Jalan Sahabat 3 no 15 | E3: +6285926084686 | G3: Rp 800.000 | H3: Spring Bed, Kipas, Lemari, Meja, Wc Dalam, Dapur Dalam, wifi | I3: Token | J3: Pembayaran Awal dan Sumur Bor | K3: 3x4 | L3: CCTV sama Penjaga | M3: Laundry, tempat makan, Masjid Fotocopy ATK, Warung | N3: 22,00 | O3: Angkutan Umum, Motor, Mobil
A4: 2 | B4: Pondok Harmony 2 | C4: Olan | D4: Jalan Sahabat 3 no 15 | E4: +6285926084686 | G4: Rp 1.200.000 | H4: Spring Bed Kipas, Lemari, Meja, Wc Dalam, Dapur Dalam, AC, Wifi | I4: Token | J4: Pembayaran Awal dan Sumur Bor | K4: 3x4 | L4: CCTV sama penjaga | M4: Laundry, tempat makan, Masjid Fotocopy ATK, Warung | N4: Smart Lock berbasis Kunci Pagar | O4: Angkutan Umum, Motor, Mobil
A5: 3 | B5: Pondok Harmony 3 | C5: Olan | E5: +6285926084686 | G5: Rp 1.500.000 | H5: Spring Bed Kipas, Lemari, Meja, Wc Dalam, Dapur Dalam, AC, Wifi | I5: Token | J5: Pembayaran Awal dan Sumur Bor | K5: 4x5 | L5: CCTV sama penjaga | M5: Laundry, tempat makan, Masjid Fotocopy ATK, Warung | O5: Angkutan Umum, Motor, Mobil
A6: 4 | B6: Pondiok Hikmah Jaya 2 | C6: Mardawati | D6: Jalan Sahabat 3 no 18 | E6: +6285323006053 | F6: Putri | G6: 8 Juta Per Tahun | H6: Tempat tidur, Spring Bed, Lemari | I6: PLN dan Perbulan | J6: Pembayaran Awal dan Sumur Bor | K6: 5 x4 | L6: CCTV, Penjaga | M6: Laundry, tempat makan, Masjid Fotocopy ATK, Warung | N6: 22, 00 dan kunci | O6: Angkutan Umum, Motor, Mobil
A7: 5 | B7: KF02 | C7: Kasman Sudirman | D7: Jalan Sahabat Raya no 27 | E7: Tidak di Publish | F7: Umum | G7: Rp 1.500.000 | H7: Spring Bed, Lemari, Meja, Exhaust, AC | I7: Token dan Prabayar | J7: Pembayaran Awal dan Sumur Bor | K7: 3x4 | L7: CCTV sama penjaga | M7: Laundry, tempat makan, Masjid Fotocopy ATK, Warung | N7: Bebas, Kunci Pagar | O7: Angkutan Umum, Motor, Mobil
A8: 6 | B8: Pondok Mama | C8: Ibu Sakia sama Bapak Anto | D8: Jalan Sahabat 3 no 15 | E8: +6285399929977, +6282124347558 | F8: Putri | G8: Rp. 1.500.000 | H8: Ac, Spring Bed, Lemari, Wc Dalam, wifi, electric hoist | I8: Token | J8: Pembayaran Awal dan Sumur Bor | K8: 4x3 | L8: CCTV sama penjaga | M8: Laundry, tempat makan, Masjid Fotocopy ATK, Warung | N8: Bebas | O8: Angkutan Umum, Motor, Mobil

Sheet Ressponden
A1: Kruteria | B1: Bobot | D1: no
A2: Biaya | B2: =AVERAGE(B15,E15,H15,K15,N15) -> 18.4 | D2: 1
A3: Fasilitas | B3: =AVERAGE(B16,E16,H16,K16,N16) -> 11.2 | D3: 2
A4: Luas Kamar | B4: =AVERAGE(B17,E17,H17,K17,N17) -> 10.6 | D4: 3
A5: Jarak | B5: =AVERAGE(B18,E18,H18,K18,N18) -> 11.6 | D5: 4
A6: Keamanan | B6: =AVERAGE(B19,E19,H19,K19,N19) -> 14.2 | D6: 5
A7: Batas Jam Malam | B7: =AVERAGE(B20,E20,H20,K20,N20) -> 7.2 | D7: 6
A8: linkungan pendukung | B8: =AVERAGE(B21,E21,H21,K21,N21) -> 7 | D8: 7
A9: Jenis air | B9: =AVERAGE(B22,E22,H22,K22,N22) -> 6 | D9: 8
A10: jenis listrik | B10: =AVERAGE(B23,E23,H23,K23,N23) -> 7 | D10: 9
A11: jalur transaportasi | B11: =AVERAGE(B24,E24,H24,K24,N24) -> 6.8 | D11: 10
B12: =SUM(B2:B11) -> 100
A13: R1 = Abid | D13: R2 = Epo | G13: R3 = Irwan | J13: R4 = Reyhan
A14: Kruteria | B14: Bobot | D14: Kruteria | E14: Bobot | G14: Kruteria | H14: Bobot | J14: Kruteria | K14: Bobot | M14: Kruteria | N14: Bobot
A15: Biaya | B15: 22 | D15: Biaya | E15: 25 | G15: Biaya | H15: 20 | J15: Biaya | K15: 13 | M15: Biaya | N15: 12
A16: Fasilitas | B16: 18 | D16: Fasilitas | E16: 8 | G16: Fasilitas | H16: 10 | J16: Fasilitas | K16: 10 | M16: Fasilitas | N16: 10
A17: Luas Kamar | B17: 12 | D17: Luas Kamar | E17: 10 | G17: Luas Kamar | H17: 15 | J17: Luas Kamar | K17: 5 | M17: Luas Kamar | N17: 11
A18: Jarak | B18: 8 | D18: Jarak | E18: 20 | G18: Jarak | H18: 15 | J18: Jarak | K18: 5 | M18: Jarak | N18: 10
A19: Keamanan | B19: 10 | D19: Keamanan | E19: 15 | G19: Keamanan | H19: 6 | J19: Keamanan | K19: 20 | M19: Keamanan | N19: 20
A20: Batas Jam Malam | B20: 8 | D20: Batas Jam Malam | E20: 2 | G20: Batas Jam Malam | H20: 6 | J20: Batas Jam Malam | K20: 10 | M20: Batas Jam Malam | N20: 10
A21: linkungan pendukung | B21: 6 | D21: linkungan pendukung | E21: 5 | G21: linkungan pendukung | H21: 10 | J21: linkungan pendukung | K21: 7 | M21: linkungan pendukung | N21: 7
A22: Jenis air | B22: 5 | D22: Jenis air | E22: 5 | G22: Jenis air | H22: 5 | J22: Jenis air | K22: 10 | M22: Jenis air | N22: 5
A23: jenis listrik | B23: 5 | D23: jenis listrik | E23: 5 | G23: jenis listrik | H23: 5 | J23: jenis listrik | K23: 10 | M23: jenis listrik | N23: 10
A24: jalur transaportasi | B24: 6 | D24: jalur transaportasi | E24: 5 | G24: jalur transaportasi | H24: 8 | J24: jalur transaportasi | K24: 10 | M24: jalur transaportasi | N24: 5
B25: =SUM(B15:B24) -> 100 | E25: =SUM(E15:E24) -> 100 | H25: =SUM(H15:H24) -> 100 | K25: =SUM(K15:K24) -> 100 | N25: =SUM(N15:N24) -> 100

Sheet Bobot Kriteria
A1: Kruteria | B1: Bobot | C1: Simbol | E1: Sub Kriteria | U1: Lingkungan Pendukung
A2: Biaya | B2: =Ressponden!B2 -> 18.4 | C2: C1 | U2: Tempat Makan
A3: Fasilitas | B3: =Ressponden!B3 -> 11.2 | C3: C2 | E3: C1 | F3: Biaya | I3: C4 | J3: Jarak | M3: C7 | N3: Lingkungan Pendukung | U3: Atk
A4: Luas Kamar | B4: =Ressponden!B4 -> 10.6 | C4: C3 | F4: Nilai | G4: Bobot | J4: Nilai | K4: Bobot | N4: Nilai | O4: Bobot | U4: warung
A5: Jarak | B5: =Ressponden!B5 -> 11.6 | C5: C4 | F5: ≤ Rp 700.000 – Rp 900.000 | G5: 1 | J5: < 500 m | K5: 1 | N5: 1 | O5: 1 | U5: Ibadah
A6: Keamanan | B6: =Ressponden!B6 -> 14.2 | C6: C5 | F6: > Rp 900.000 – Rp 1.300.000 | G6: 2 | J6: >= 500 m - 1km | K6: 2 | N6: 2 | O6: 2 | U6: Laundry
A7: Batas Jam Malam | B7: =Ressponden!B7 -> 7.2 | C7: C6 | F7: > Rp 1.300.000 – Rp 1.600.000 | G7: 3 | J7: >= 1km - 2km | K7: 3 | N7: 3 | O7: 3
A8: linkungan pendukung | B8: =Ressponden!B8 -> 7 | C8: C7 | F8: > Rp 1.600.000 – Rp 2.000.000 | G8: 4 | J8: >= 2km - 3km | K8: 4 | N8: 4 | O8: 4 | U8: Fasilitas
A9: Jenis air | B9: =Ressponden!B9 -> 6 | C9: C8 | F9: > Rp 2.000.000 | G9: 5 | J9: > 3km | K9: 5 | N9: 5 | O9: 5 | U9: Spring Bed
A10: jenis listrik | B10: =Ressponden!B10 -> 7 | C10: C9 | U10: Kamar mandi
A11: jalur transaportasi | B11: =Ressponden!B11 -> 6.8 | C11: C10 | E11: C2 | F11: Fasilitas | I11: C5 | J11: Keamanan | M11: C8 | N11: Jenis Air | Q11: C10 | R11: Jalur Transportasi | U11: Meja
B12: =Ressponden!B12 -> 100 | F12: Nilai | G12: Bobot | J12: Nilai | K12: Bobot | N12: Nilai | O12: Bobot | R12: Nilai | S12: Bobot | U12: Wifi
F13: <=2 | G13: 1 | J13: Tidak ada | K13: 1 | N13: token | O13: 1 | R13: Jalan Kaki | S13: 1 | U13: Tempat parkir
F14: >=2 - 4 | G14: 2 | J14: Smart Lock | K14: 2 | N14: Pascabayar/bulanan | O14: 2 | R14: Motor | S14: 2 | U14: Lemari
F15: >=4 - 6 | G15: 3 | J15: Satpam | K15: 3 | N15: Pada Waktu Sewa | O15: 3 | R15: Mobil | S15: 3 | U15: Wifi
A16: Kruteria | B16: Kategori | F16: >=6 - 8 | G16: 4 | J16: CCTV | K16: 4 | R16: Angkutan Umum | S16: 4 | U16: Dapur
A17: Biaya | B17: Cost | C17: Semakin Rendah semakin Baik | F17: >=10 | G17: 5 | J17: Satpam, CCTV, SmartLock | K17: 5 | U17: Ac
A18: Fasilitas | B18: Benefit | C18: Semakin Tinggi semakin Baik | M18: C9 | N18: Jenis Listrik | U18: Kipas
A19: Luas Kamar | B19: Benefit | C19: Semakin Tinggi semakin Baik | N19: Nilai | O19: Bobot
A20: Jarak | B20: Cost | C20: Semakin Rendah semakin Baik | N20: token | O20: 1
A21: Keamanan | B21: Benefit | C21: Semakin Tinggi semakin Baik | E21: C3 | F21: Luas Kamar | I21: C6 | J21: Batas Jam Malam | N21: Pascabayar/bulanan | O21: 2
A22: Batas Jam Malam | B22: Cost | C22: Semakin Rendah semakin Baik | F22: Nilai | G22: Bobot | J22: Nilai | K22: Bobot | N22: Pada Waktu Sewa | O22: 3
A23: linkungan pendukung | B23: Benefit | C23: Semakin Tinggi semakin Baik | F23: < 7M^2 | G23: 1 | J23: 21,00 | K23: 1
A24: Jenis air | B24: Benefit | C24: Semakin Tinggi semakin Baik | F24: >= 7M^2 - 10M^2 | G24: 2 | J24: 22,00 | K24: 2
A25: jenis listrik | B25: Benefit | C25: Semakin Tinggi semakin Baik | F25: >= 10M^2 - 14M^2 | G25: 3 | J25: 23,00 - 24,00 | K25: 3
A26: jalur transaportasi | B26: Benefit | C26: Semakin Tinggi semakin Baik | F26: >= 14M^2 - 18M^2 | G26: 4 | J26: beri kunci | K26: 4
F27: > 18M^2 | G27: 5 | J27: 24 jam terbuka | K27: 5

Sheet Studi Kasus
A1: 1. Menentukan Kriteria | E1: 4. Menentukan Crips | U1: Lingkungan Pendukung
A2: Ci | B2: Keterangan | U2: Tempat Makan
A3: C1 | B3: Biaya | E3: C1 | F3: Biaya | I3: C4 | J3: Jarak | M3: C7 | N3: Lingkungan Pendukung | U3: Atk
A4: C2 | B4: Fasilitas | F4: Nilai | G4: Bobot | J4: Nilai | K4: Bobot | N4: Nilai | O4: Bobot | U4: warung
A5: C3 | B5: Luas Kamar | F5: ≤ Rp 700.000 – Rp 900.000 | G5: 1 | J5: < 500 m | K5: 1 | N5: <=1 | O5: 1 | U5: Ibadah
A6: C4 | B6: Jarak | F6: >= Rp 900.000 – Rp 1.300.000 | G6: 2 | J6: >= 500 m - 1km | K6: 2 | N6: 2 | O6: 2 | U6: Laundry
A7: C5 | B7: Keamanan | F7: >= Rp 1.300.000 – Rp 1.600.000 | G7: 3 | J7: >= 1km - 2km | K7: 3 | N7: 3 | O7: 3
A8: C6 | B8: Batas Jam Malam | F8: >= Rp 1.600.000 – Rp 2.000.000 | G8: 4 | J8: >= 2km - 3km | K8: 4 | N8: 4 | O8: 4
A9: C7 | B9: linkungan pendukung | F9: > Rp 2.000.000 | G9: 5 | J9: > 3km | K9: 5 | N9: 5 | O9: 5
A10: C8 | B10: Jenis air
A11: C9 | B11: jenis listrik | E11: C2 | F11: Fasilitas | I11: C5 | J11: Keamanan | M11: C8 | N11: Jenis Air | Q11: C10 | R11: Jalur Transportasi
A12: C10 | B12: jalur transaportasi | F12: Nilai | G12: Bobot | J12: Nilai | K12: Bobot | N12: Nilai | O12: Bobot | R12: Nilai | S12: Bobot
F13: <=2 | G13: 1 | J13: Tidak ada | K13: 1 | N13: token | O13: 1 | R13: Jalan Kaki | S13: 1
F14: >=2 - 4 | G14: 2 | J14: Smart Lock | K14: 2 | N14: Pascabayar/bulanan | O14: 2 | R14: Motor | S14: 2
A15: 2. Menentukan Bobot dari Kriteria | F15: >=4 - 6 | G15: 3 | J15: Satpam | K15: 3 | N15: Pada Waktu Sewa | O15: 3 | R15: Mobil | S15: 3
F16: >=6 - 8 | G16: 4 | J16: CCTV | K16: 4
A17: Ci | B17: W | C17: Bobot | F17: >=10 | G17: 5 | J17: Satpam, CCTV, SmartLock | K17: 5
A18: C1 | B18: W1 | C18: =Ressponden!B2 -> 18.4 | M18: C9 | N18: Jenis Listrik | U18: Fasilitas
A19: C2 | B19: W2 | C19: =Ressponden!B3 -> 11.2 | N19: Nilai | O19: Bobot | U19: Spring Bed
A20: C3 | B20: W3 | C20: =Ressponden!B4 -> 10.6 | N20: token | O20: 1 | U20: Kamar mandi
A21: C4 | B21: W4 | C21: =Ressponden!B5 -> 11.6 | E21: C3 | F21: Luas Kamar | I21: C6 | J21: Batas Jam Malam | N21: Pascabayar/bulanan | O21: 2 | U21: Meja
A22: C5 | B22: W5 | C22: =Ressponden!B6 -> 14.2 | F22: Nilai | G22: Bobot | J22: Nilai | K22: Bobot | N22: Pada Waktu Sewa | O22: 3 | U22: Wifi
A23: C6 | B23: W6 | C23: =Ressponden!B7 -> 7.2 | F23: < 7M^2 | G23: 1 | J23: 21,00 | K23: 1 | U23: Tempat parkir
A24: C7 | B24: W7 | C24: =Ressponden!B8 -> 7 | F24: >= 7M^2 - 10M^2 | G24: 2 | J24: 22,00 | K24: 2 | U24: Lemari
A25: C8 | B25: W8 | C25: =Ressponden!B9 -> 6 | F25: >= 10M^2 - 14M^2 | G25: 3 | J25: 23,00 - 24,00 | K25: 3 | U25: kursi
A26: C9 | B26: W9 | C26: =Ressponden!B10 -> 7 | F26: >= 14M^2 - 18M^2 | G26: 4 | J26: beri kunci | K26: 4 | U26: Dapur
A27: C10 | B27: W10 | C27: =Ressponden!B11 -> 6.8 | F27: > 18M^2 | G27: 5 | J27: 24 jam terbuka | K27: 5 | U27: Ac
C28: =Ressponden!B12 -> 100 | U28: Kipas
A30: 3. Menentukan Atribut Kriteria
A32: Ci | B32: Atribut
A33: C1 | B33: Cost
A34: C2 | B34: Benefit
A35: C3 | B35: Benefit
A36: C4 | B36: Cost
A37: C5 | B37: Benefit
A38: C6 | B38: Cost
A39: C7 | B39: Benefit
A40: C8 | B40: Benefit
A41: C9 | B41: Benefit
A42: C10 | B42: Benefit
A46: Studi Kasus
A48: No | B48: Nama Kost | C48: Biaya (Rp/Bulan) | D48: Fasilitas | E48: Luas Kamar (m²) | F48: Jarak ke Kampus | G48: Keamanan | H48: Batas Jam Malam | I48: Lingkungan Pendukung | J48: Jenis Air | K48: Jenis Listrik | L48: Jalur Transportasi
A49: 1 | B49: Kost Melati (A1) | C49: 1.600.000 | D49: Spring bed, Kamar Mandi, lemari, Wi-Fi, dapur, meja, tempat parkir | E49: 4x3.5 | F49: 2–3 km | G49: Satpam + CCTV + Smartlock | H49: 24 jam terbuka | I49: warung, tempat ibadah, laundry, makan | J49: PDAM bulanan | K49: Token | L49: motor
A50: 2 | B50: Kost Mawar (A2) | C50: 900.000 | D50: Spring bed, Wi-Fi , lemari, tempat parkir, Kamar Mandi | E50: 3x3 | F50: <500 m | G50: CCTV | H50: Tutup 23:00–24:00 | I50: tempat makan, ibadah, atk | J50: Token air | K50: Pascabayar | L50: Jalan kaki
A51: 3 | B51: Kost Anggrek (A3) | C51: 1.200.000 | D51: Kamar Mandi, lemari, Wi-Fi, tempat parkir, AC, Spring bed | E51: 4x3 | F51: 1–2 km | G51: Satpam | H51: 24 jam terbuka | I51: tempat makan, ibadah, atk, laundry | J51: Sistem sewa menyesuaikan | K51: Sistem sewa menyesuaikan | L51: mobil
A54: 5. Menyusun data Alternatif
A56: Kode | B56: Keterangan | C56: C1 | D56: C2 | E56: C3 | F56: C4 | G56: C5 | H56: C6 | I56: C7 | J56: C8 | K56: C9 | L56: C10
A57: A1 | B57: Kost Melati | C57: 1.600.000 | D57: Spring bed, Kamar Mandi, lemari, Wi-Fi, dapur, meja, tempat parkir | E57: 4x3.5 | F57: 2–3 km | G57: Satpam + CCTV + Smartlock | H57: 24 jam terbuka | I57: warung, tempat ibadah, laundry, makan | J57: PDAM bulanan | K57: Token | L57: motor
A58: A2 | B58: Kost Mawar | C58: 900.000 | D58: Spring bed, Wi-Fi , lemari, tempat parkir, Kamar Mandi | E58: 3x3 | F58: <500 m | G58: CCTV | H58: Tutup 23:00–24:00 | I58: tempat makan, ibadah, atk | J58: Token air | K58: Pascabayar | L58: Jalan kaki
A59: A3 | B59: Kost Anggrek | C59: 1.200.000 | D59: Kamar Mandi, lemari, Wi-Fi, tempat parkir, AC, Spring bed | E59: 4x3 | F59: 1–2 km | G59: Satpam | H59: 24 jam terbuka | I59: tempat makan, ibadah, atk, laundry | J59: Sistem sewa menyesuaikan | K59: Sistem sewa menyesuaikan | L59: mobil
A63: 6. Membuat Matriks Keputusan
A65: Ai | B65: C1 | C65: C2 | D65: C3 | E65: C4 | F65: C5 | G65: C6 | H65: C7 | I65: C8 | J65: C9 | K65: C10
A66: A1 | B66: 4 | C66: 4 | D66: 4 | E66: 4 | F66: 5 | G66: 5 | H66: 4 | I66: 2 | J66: 1 | K66: 2
A67: A2 | B67: 2 | C67: 3 | D67: 2 | E67: 4 | F67: 4 | G67: 3 | H67: 3 | I67: 1 | J67: 2 | K67: 1
A68: A3 | B68: 2 | C68: 4 | D68: 3 | E68: 3 | F68: 3 | G68: 5 | H68: 4 | I68: 3 | J68: 3 | K68: 3
A70: 7. Normalisasi
A73: C1= Cost: Nilai minimal / Nilai Alternatif Kriteria | E73: C2= Benefit: Nilai Alternatif Kriteria/ Nilai Maximal | I73: C3= Benefit: Nilai Alternatif Kriteria/ Nilai Maximal
A74: A1 | B74: =2/B66 -> 0.5 | E74: A1 | F74: =C66/4 -> 1 | I74: A1 | J74: =D66/4 -> 1
A75: A2 | B75: =2/B67 -> 1 | E75: A2 | F75: =C67/4 -> 0.75 | I75: A2 | J75: =D67/4 -> 0.5
A76: A3 | B76: =2/B68 -> 1 | E76: A3 | F76: =C68/4 -> 1 | I76: A3 | J76: =D68/4 -> 0.75
A79: C4= Cost: Nilai minimal / Nilai Alternatif Kriteria | E79: C5= Benefit: Nilai Alternatif Kriteria/ Nilai Maximal | I79: C6= Cost: Nilai minimal / Nilai Alternatif Kriteria
A80: A1 | B80: =3/E66 -> 0.75 | E80: A1 | F80: =F66/5 -> 1 | I80: A1 | J80: =3/G66 -> 0.6
A81: A2 | B81: =3/E67 -> 0.75 | E81: A2 | F81: =F67/5 -> 0.8 | I81: A2 | J81: =3/G67 -> 1
A82: A3 | B82: =3/E68 -> 1 | E82: A3 | F82: =F68/5 -> 0.6 | I82: A3 | J82: =3/G68 -> 0.6
A85: C7= Benefit: Nilai Alternatif Kriteria/ Nilai Maximal | E85: C8= Benefit: Nilai Alternatif Kriteria/ Nilai Maximal | I85: C9= Benefit: Nilai Alternatif Kriteria/ Nilai Maximal
A86: A1 | B86: =H66/4 -> 1 | E86: A1 | F86: =I66/3 -> 0.66666667 | I86: A1 | J86: =J66/3 -> 0.33333333
A87: A2 | B87: =H67/4 -> 0.75 | E87: A2 | F87: =I67/3 -> 0.33333333 | I87: A2 | J87: =J67/3 -> 0.66666667
A88: A3 | B88: =H68/4 -> 1 | E88: A3 | F88: =I68/3 -> 1 | I88: A3 | J88: =J68/3 -> 1
E91: C10= Benefit: Nilai Alternatif Kriteria/ Nilai Maximal
E92: A1 | F92: =K66/3 -> 0.66666667
E93: A2 | F93: =K67/3 -> 0.33333333
E94: A3 | F94: =K68/3 -> 1
A98: 8. Matriks ternomalisasi
A100: Ai | B100: C1 | C100: C2 | D100: C3 | E100: C4 | F100: C5 | G100: C6 | H100: C7 | I100: C8 | J100: C9 | K100: C10
A101: A1 | B101: =B74 -> 0.5 | C101: =F74 -> 1 | D101: =J74 -> 1 | E101: =B80 -> 0.75 | F101: =F80 -> 1 | G101: =J80 -> 0.6 | H101: =B86 -> 1 | I101: =F86 -> 0.66666667 | J101: =J86 -> 0.33333333 | K101: =F92 -> 0.66666667
A102: A2 | B102: =B75 -> 1 | C102: =F75 -> 0.75 | D102: =J75 -> 0.5 | E102: =B81 -> 0.75 | F102: =F81 -> 0.8 | G102: =J81 -> 1 | H102: =B87 -> 0.75 | I102: =F87 -> 0.33333333 | J102: =J87 -> 0.66666667 | K102: =F93 -> 0.33333333
A103: A3 | B103: =B76 -> 1 | C103: =F76 -> 1 | D103: =J76 -> 0.75 | E103: =B82 -> 1 | F103: =F82 -> 0.6 | G103: =J82 -> 0.6 | H103: =B88 -> 1 | I103: =F88 -> 1 | J103: =J88 -> 1 | K103: =F94 -> 1
A107: 9. Perangkingan
A109: Ai | B109: C1 | C109: C2 | D109: C3 | E109: C4 | F109: C5 | G109: C6 | H109: C7 | I109: C8 | J109: C9 | K109: C10 | L109: Total | M109: Ranking
A110: A1 | B110: =B101*C18 -> 9.2 | C110: =C101*C19 -> 11.2 | D110: =D101*C20 -> 10.6 | E110: =E101*C21 -> 8.7 | F110: =F101*C22 -> 14.2 | G110: =G101*C23 -> 4.32 | H110: =H101*C24 -> 7 | I110: =I101*C25 -> 4 | J110: =J101*C26 -> 2.3333333 | K110: =K101*C27 -> 4.5333333 | L110: =SUM(B110:K110) -> 76.086667 | M110: =RANK(L110, $L$110:$L$112, 0) -> 2
A111: A2 | B111: =B102*C18 -> 18.4 | C111: =C102*C19 -> 8.4 | D111: =D102*C20 -> 5.3 | E111: =E102*C21 -> 8.7 | F111: =F102*C22 -> 11.36 | G111: =G102*C23 -> 7.2 | H111: =H102*C24 -> 5.25 | I111: =I102*C25 -> 2 | J111: =J102*C26 -> 4.6666667 | K111: =K102*C27 -> 2.2666667 | L111: =SUM(B111:K111) -> 73.543333 | M111: =RANK(L111, $L$110:$L$112, 0) -> 3
A112: A3 | B112: =B103*C18 -> 18.4 | C112: =C103*C19 -> 11.2 | D112: =D103*C20 -> 7.95 | E112: =E103*C21 -> 11.6 | F112: =F103*C22 -> 8.52 | G112: =G103*C23 -> 4.32 | H112: =H103*C24 -> 7 | I112: =I103*C25 -> 6 | J112: =J103*C26 -> 7 | K112: =K103*C27 -> 6.8 | L112: =SUM(B112:K112) -> 88.79 | M112: =RANK(L112, $L$110:$L$112, 0) -> 1

Sheet Hasil Bab 4
A1: 1. Menentukan Kriteria | E1: 4. Menentukan Crips | U1: Lingkungan Pendukung
U2: Tempat Makan
A3: C1 | B3: Biaya | E3: C1 | F3: Biaya | I3: C4 | J3: Jarak | M3: C7 | N3: Lingkungan Pendukung | U3: Atk
A4: C2 | B4: Fasilitas | F4: Nilai | G4: Bobot | J4: Nilai | K4: Bobot | N4: Nilai | O4: Bobot | U4: warung
A5: C3 | B5: Luas Kamar | F5: ≤ Rp 700.000 – Rp 900.000 | G5: 1 | J5: < 500 m | K5: 1 | N5: 1 | O5: 1 | U5: Ibadah
A6: C4 | B6: Jarak | F6: >= Rp 900.000 – Rp 1.300.000 | G6: 2 | J6: >= 500 m - 1km | K6: 2 | N6: 2 | O6: 2 | U6: Laundry
A7: C5 | B7: Keamanan | F7: >= Rp 1.300.000 – Rp 1.600.000 | G7: 3 | J7: >= 1km - 2km | K7: 3 | N7: 3 | O7: 3
A8: C6 | B8: Batas Jam Malam | F8: >= Rp 1.600.000 – Rp 2.000.000 | G8: 4 | J8: >= 2km - 3km | K8: 4 | N8: 4 | O8: 4 | U8: Fasilitas
A9: C7 | B9: linkungan pendukung | F9: > Rp 2.000.000 | G9: 5 | J9: > 3km | K9: 5 | N9: 5 | O9: 5 | U9: Spring Bed
A10: C8 | B10: Jenis air | U10: Kamar mandi
A11: C9 | B11: jenis listrik | E11: C2 | F11: Fasilitas | I11: C5 | J11: Keamanan | M11: C8 | N11: Jenis Air | Q11: C10 | R11: Jalur Transportasi | U11: Meja
A12: C10 | B12: jalur transaportasi | F12: Nilai | G12: Bobot | J12: Nilai | K12: Bobot | N12: Nilai | O12: Bobot | R12: Nilai | S12: Bobot | U12: Wifi
F13: <=2 | G13: 1 | J13: Tidak ada | K13: 1 | N13: token | O13: 1 | R13: Jalan Kaki | S13: 1 | U13: Tempat parkir
F14: >=2 - 4 | G14: 2 | J14: Smart Lock | K14: 2 | N14: Pascabayar/bulanan | O14: 2 | R14: Motor | S14: 2 | U14: Lemari
A15: 2. Menentukan Bobot dari Kriteria | F15: >=4 - 6 | G15: 3 | J15: Satpam | K15: 3 | N15: Pada Waktu Sewa | O15: 3 | R15: Mobil | S15: 3 | U15: Wifi
F16: >=6 - 8 | G16: 4 | J16: CCTV | K16: 4 | R16: Angkutan Umum | S16: 4 | U16: Dapur
A17: Ci | B17: W | C17: Bobot | F17: >=10 | G17: 5 | J17: Satpam, CCTV, SmartLock | K17: 5 | U17: Ac
A18: C1 | B18: W1 | C18: =Ressponden!B2 -> 18.4 | M18: C9 | N18: Jenis Listrik | U18: Kipas
A19: C2 | B19: W2 | C19: =Ressponden!B3 -> 11.2 | N19: Nilai | O19: Bobot
A20: C3 | B20: W3 | C20: =Ressponden!B4 -> 10.6 | N20: token | O20: 1
A21: C4 | B21: W4 | C21: =Ressponden!B5 -> 11.6 | E21: C3 | F21: Luas Kamar | I21: C6 | J21: Batas Jam Malam | N21: Pascabayar/bulanan | O21: 2
A22: C5 | B22: W5 | C22: =Ressponden!B6 -> 14.2 | F22: Nilai | G22: Bobot | J22: Nilai | K22: Bobot | N22: Pada Waktu Sewa | O22: 3
A23: C6 | B23: W6 | C23: =Ressponden!B7 -> 7.2 | F23: < 7M^2 | G23: 1 | J23: 21,00 | K23: 1
A24: C7 | B24: W7 | C24: =Ressponden!B8 -> 7 | F24: >= 7M^2 - 10M^2 | G24: 2 | J24: 22,00 | K24: 2
A25: C8 | B25: W8 | C25: =Ressponden!B9 -> 6 | F25: >= 10M^2 - 14M^2 | G25: 3 | J25: 23,00 - 24,00 | K25: 3
A26: C9 | B26: W9 | C26: =Ressponden!B10 -> 7 | F26: >= 14M^2 - 18M^2 | G26: 4 | J26: beri kunci | K26: 4
A27: C10 | B27: W10 | C27: =Ressponden!B11 -> 6.8 | F27: > 18M^2 | G27: 5 | J27: 24 jam terbuka | K27: 5
C28: =Ressponden!B12 -> 100
A30: 3. Menentukan Atribut Kriteria
A32: Ci | B32: Atribut
A33: C1 | B33: Cost
A34: C2 | B34: Benefit
A35: C3 | B35: Benefit
A36: C4 | B36: Cost
A37: C5 | B37: Benefit
A38: C6 | B38: Cost
A39: C7 | B39: Benefit
A40: C8 | B40: Benefit
A41: C9 | B41: Benefit
A42: C10 | B42: Benefit
A46: Studi Kasus
A48: No | B48: Nama Kost | C48: Biaya (Rp/Bulan) | D48: Fasilitas | E48: Luas Kamar (m²) | F48: Jarak ke Kampus | G48: Keamanan | H48: Batas Jam Malam | I48: Lingkungan Pendukung | J48: Jenis Air | K48: Jenis Listrik | L48: Jalur Transportasi
A49: 1
A50: 2
A51: 3
A54: 5. Menyusun data Alternatif
A56: Kode | B56: Keterangan | C56: C1 | D56: C2 | E56: C3 | F56: C4 | G56: C5 | H56: C6 | I56: C7 | J56: C8 | K56: C9 | L56: C10
A57: A1
A58: A2
A59: A3
A63: 6. Membuat Matriks Keputusan
A65: Ai | B65: C1 | C65: C2 | D65: C3 | E65: C4 | F65: C5 | G65: C6 | H65: C7 | I65: C8 | J65: C9 | K65: C10
A66: A1
A67: A2
A68: A3
A70: 7. Normalisasi
A73: C1= Cost: Nilai minimal / Nilai Alternatif Kriteria | E73: C2= Benefit: Nilai Alternatif Kriteria/ Nilai Maximal | I73: C3= Benefit: Nilai Alternatif Kriteria/ Nilai Maximal
A74: A1 | B74: =2/B66 -> #DIV/0! | E74: A1 | F74: =C66/4 -> 0 | I74: A1 | J74: =D66/4 -> 0
A75: A2 | B75: =2/B67 -> #DIV/0! | E75: A2 | F75: =C67/4 -> 0 | I75: A2 | J75: =D67/4 -> 0
A76: A3 | B76: =2/B68 -> #DIV/0! | E76: A3 | F76: =C68/4 -> 0 | I76: A3 | J76: =D68/4 -> 0
A79: C4= Cost: Nilai minimal / Nilai Alternatif Kriteria | E79: C5= Benefit: Nilai Alternatif Kriteria/ Nilai Maximal | I79: C6= Cost: Nilai minimal / Nilai Alternatif Kriteria
A80: A1 | B80: =3/E66 -> #DIV/0! | E80: A1 | F80: =F66/5 -> 0 | I80: A1 | J80: =3/G66 -> #DIV/0!
A81: A2 | B81: =3/E67 -> #DIV/0! | E81: A2 | F81: =F67/5 -> 0 | I81: A2 | J81: =3/G67 -> #DIV/0!
A82: A3 | B82: =3/E68 -> #DIV/0! | E82: A3 | F82: =F68/5 -> 0 | I82: A3 | J82: =3/G68 -> #DIV/0!
A85: C7= Benefit: Nilai Alternatif Kriteria/ Nilai Maximal | E85: C8= Benefit: Nilai Alternatif Kriteria/ Nilai Maximal | I85: C9= Benefit: Nilai Alternatif Kriteria/ Nilai Maximal
A86: A1 | B86: =H66/4 -> 0 | E86: A1 | F86: =I66/3 -> 0 | I86: A1 | J86: =J66/3 -> 0
A87: A2 | B87: =H67/4 -> 0 | E87: A2 | F87: =I67/3 -> 0 | I87: A2 | J87: =J67/3 -> 0
A88: A3 | B88: =H68/4 -> 0 | E88: A3 | F88: =I68/3 -> 0 | I88: A3 | J88: =J68/3 -> 0
E91: C10= Benefit: Nilai Alternatif Kriteria/ Nilai Maximal
E92: A1 | F92: =K66/3 -> 0
E93: A2 | F93: =K67/3 -> 0
E94: A3 | F94: =K68/3 -> 0
A98: 8. Matriks ternomalisasi
A100: Ai | B100: C1 | C100: C2 | D100: C3 | E100: C4 | F100: C5 | G100: C6 | H100: C7 | I100: C8 | J100: C9 | K100: C10
A101: A1 | B101: =B74 -> #DIV/0! | C101: =F74 -> 0 | D101: =J74 -> 0 | E101: =B80 -> #DIV/0! | F101: =F80 -> 0 | G101: =J80 -> #DIV/0! | H101: =B86 -> 0 | I101: =F86 -> 0 | J101: =J86 -> 0 | K101: =F92 -> 0
A102: A2 | B102: =B75 -> #DIV/0! | C102: =F75 -> 0 | D102: =J75 -> 0 | E102: =B81 -> #DIV/0! | F102: =F81 -> 0 | G102: =J81 -> #DIV/0! | H102: =B87 -> 0 | I102: =F87 -> 0 | J102: =J87 -> 0 | K102: =F93 -> 0
A103: A3 | B103: =B76 -> #DIV/0! | C103: =F76 -> 0 | D103: =J76 -> 0 | E103: =B82 -> #DIV/0! | F103: =F82 -> 0 | G103: =J82 -> #DIV/0! | H103: =B88 -> 0 | I103: =F88 -> 0 | J103: =J88 -> 0 | K103: =F94 -> 0
A107: 9. Perangkingan
A109: Ai | B109: C1 | C109: C2 | D109: C3 | E109: C4 | F109: C5 | G109: C6 | H109: C7 | I109: C8 | J109: C9 | K109: C10 | L109: Total | M109: Ranking
A110: A1 | B110: =B101*C18 -> #DIV/0! | C110: =C101*C19 -> 0 | D110: =D101*C20 -> 0 | E110: =E101*C21 -> #DIV/0! | F110: =F101*C22 -> 0 | G110: =G101*C23 -> #DIV/0! | H110: =H101*C24 -> 0 | I110: =I101*C25 -> 0 | J110: =J101*C26 -> 0 | K110: =K101*C27 -> 0 | L110: =SUM(B110:K110) -> #DIV/0! | M110: =RANK(L110, $L$110:$L$112, 0) -> #DIV/0!
A111: A2 | B111: =B102*C18 -> #DIV/0! | C111: =C102*C19 -> 0 | D111: =D102*C20 -> 0 | E111: =E102*C21 -> #DIV/0! | F111: =F102*C22 -> 0 | G111: =G102*C23 -> #DIV/0! | H111: =H102*C24 -> 0 | I111: =I102*C25 -> 0 | J111: =J102*C26 -> 0 | K111: =K102*C27 -> 0 | L111: =SUM(B111:K111) -> #DIV/0! | M111: =RANK(L111, $L$110:$L$112, 0) -> #DIV/0!
A112: A3 | B112: =B103*C18 -> #DIV/0! | C112: =C103*C19 -> 0 | D112: =D103*C20 -> 0 | E112: =E103*C21 -> #DIV/0! | F112: =F103*C22 -> 0 | G112: =G103*C23 -> #DIV/0! | H112: =H103*C24 -> 0 | I112: =I103*C25 -> 0 | J112: =J103*C26 -> 0 | K112: =K103*C27 -> 0 | L112: =SUM(B112:K112) -> #DIV/0! | M112: =RANK(L112, $L$110:$L$112, 0) -> #DIV/0!
